/*Insert departamento:*/
insert into departamento (nome, chefe) values (Engenharia, Daniel);
insert into departamento (nome, chefe) values (Computacao, Felipe);
insert into departamento (nome, chefe) values (Fisica, Alan);
insert into departamento (nome, chefe) values (Matematica, Fernando);


/*Insert curso*/
insert into curso (nome, id_curso, id_deptoc) values (Eletrica, CE, Engenharia);
insert into curso (nome, id_curso, id_deptoc) values (Quimica, CQ, Engenharia);
insert into curso (nome, id_curso, id_deptoc) values (Mecanica, CM, Engenharia);
insert into curso (nome, id_curso, id_deptoc) values (Robotica, CR, Engenharia);
insert into curso (nome, id_curso, id_deptoc) values (Programação, CP, Computacao);
insert into curso (nome, id_curso, id_deptoc) values (Sistemas, CS, Computacao);
insert into curso (nome, id_curso, id_deptoc) values (Redes, CR, Computacao);
insert into curso (nome, id_curso, id_deptoc) values (Ciencia da Computacao, CC, Computacao);
insert into curso (nome, id_curso, id_deptoc) values (Quantica, CQ, Fisica);
insert into curso (nome, id_curso, id_deptoc) values (Geral, CG, Fisica);
insert into curso (nome, id_curso, id_deptoc) values (Aplicada, CA, Fisica);
insert into curso (nome, id_curso, id_deptoc) values (Calculos, CC, Matematica);
insert into curso (nome, id_curso, id_deptoc) values (Estatistica, CE, Matematica);
insert into curso (nome, id_curso, id_deptoc) values (Probabilidade, CP, Matematica);
insert into curso (nome, id_curso, id_deptoc) values (Algebra, CA, Matematica);
insert into curso (nome, id_curso, id_deptoc) values (Geometria, CG, Matematica);
insert into curso (nome, id_curso, id_deptoc) values (Linear, CL, Matematica);

/*Insert disciplina*/

/*Insert aluno:*/
insert into aluno (nome, idade, id_cursoa) values (Mariane, 55, MA, 168966767);
insert into aluno (nome, idade, id_cursoa) values (Borges, 19, FG, 132440015);
insert into aluno (nome, idade, id_cursoa) values (Leonardo, 20, FG, 127063200);
insert into aluno (nome, idade, id_cursoa) values (Jessica, 18, CR, 167517222);
insert into aluno (nome, idade, id_cursoa) values (Tiago, 26, MP, 194023774);
insert into aluno (nome, idade, id_cursoa) values (Gustavo, 22, ER, 141262235);
insert into aluno (nome, idade, id_cursoa) values (Rafael, 49, CP, 187946810);
insert into aluno (nome, idade, id_cursoa) values (Lucas, 44, MA, 161775453);
insert into aluno (nome, idade, id_cursoa) values (Isabela, 18, EM, 181399257);
insert into aluno (nome, idade, id_cursoa) values (Fábio, 44, FG, 132515989);
insert into aluno (nome, idade, id_cursoa) values (Patrícia, 56, CR, 130278727);
insert into aluno (nome, idade, id_cursoa) values (Isabela, 52, EQ, 137775676);
insert into aluno (nome, idade, id_cursoa) values (Patrícia, 38, CC, 147396106);
insert into aluno (nome, idade, id_cursoa) values (Maria, 25, EM, 116224868);
insert into aluno (nome, idade, id_cursoa) values (Alexandre, 59, FG, 177168585);
insert into aluno (nome, idade, id_cursoa) values (Juliana, 26, EE, 109145586);
insert into aluno (nome, idade, id_cursoa) values (João, 34, FG, 159897423);
insert into aluno (nome, idade, id_cursoa) values (Carlos, 19, ER, 146664390);
insert into aluno (nome, idade, id_cursoa) values (João, 51, EQ, 174831119);
insert into aluno (nome, idade, id_cursoa) values (Juliana, 40, CS, 189871722);
insert into aluno (nome, idade, id_cursoa) values (Ana, 55, CR, 199649266);
insert into aluno (nome, idade, id_cursoa) values (Maria, 32, ER, 148986553);
insert into aluno (nome, idade, id_cursoa) values (Jesus, 34, ER, 180770366);
insert into aluno (nome, idade, id_cursoa) values (Thiago, 47, CS, 190177822);
insert into aluno (nome, idade, id_cursoa) values (Sofia, 33, EE, 127595295);
insert into aluno (nome, idade, id_cursoa) values (Renata, 21, CR, 177284568);
insert into aluno (nome, idade, id_cursoa) values (Thiago, 24, EQ, 109979894);
insert into aluno (nome, idade, id_cursoa) values (Thiago, 49, CR, 191492385);
insert into aluno (nome, idade, id_cursoa) values (Alexandre, 57, CP, 186709315);
insert into aluno (nome, idade, id_cursoa) values (Vanessa, 60, EM, 160793003);
insert into aluno (nome, idade, id_cursoa) values (Gabriel, 40, MG, 180757476);
insert into aluno (nome, idade, id_cursoa) values (Pedro, 27, CR, 111623102);
insert into aluno (nome, idade, id_cursoa) values (Patrícia, 59, CS, 109119257);
insert into aluno (nome, idade, id_cursoa) values (Ana, 59, CS, 144776174);
insert into aluno (nome, idade, id_cursoa) values (Mariane, 53, FG, 115430121);
insert into aluno (nome, idade, id_cursoa) values (Jesus, 35, MA, 193798216);
insert into aluno (nome, idade, id_cursoa) values (Carla, 54, CR, 134876407);
insert into aluno (nome, idade, id_cursoa) values (João, 53, EM, 102353263);
insert into aluno (nome, idade, id_cursoa) values (Laura, 24, ME, 140758278);
insert into aluno (nome, idade, id_cursoa) values (Carla, 24, MC, 134818828);
insert into aluno (nome, idade, id_cursoa) values (Beatriz, 39, FG, 187080356);
insert into aluno (nome, idade, id_cursoa) values (Pedro, 43, CS, 141144151);
insert into aluno (nome, idade, id_cursoa) values (Laura, 40, FA, 183698772);
insert into aluno (nome, idade, id_cursoa) values (Thiago, 54, MG, 197742809);
insert into aluno (nome, idade, id_cursoa) values (Manuela, 33, MP, 149997570);
insert into aluno (nome, idade, id_cursoa) values (Mariane, 24, CP, 155718857);
insert into aluno (nome, idade, id_cursoa) values (Rodrigo, 32, EQ, 130497378);
insert into aluno (nome, idade, id_cursoa) values (Camila, 53, FA, 167728644);
insert into aluno (nome, idade, id_cursoa) values (Mariana, 51, CS, 134251692);
insert into aluno (nome, idade, id_cursoa) values (Mariana, 25, ER, 128683894);
insert into aluno (nome, idade, id_cursoa) values (Murilo, 34, FA, 192597778);
insert into aluno (nome, idade, id_cursoa) values (Alan, 20, CP, 104103003);
insert into aluno (nome, idade, id_cursoa) values (Sofia, 55, ER, 128822087);
insert into aluno (nome, idade, id_cursoa) values (Rodrigo, 58, EE, 184846213);
insert into aluno (nome, idade, id_cursoa) values (Vinícius, 49, CP, 130057253);
insert into aluno (nome, idade, id_cursoa) values (Tatiane, 34, MG, 104927699);
insert into aluno (nome, idade, id_cursoa) values (Renata, 40, CP, 184576139);
insert into aluno (nome, idade, id_cursoa) values (Mariane, 48, FG, 168638106);
insert into aluno (nome, idade, id_cursoa) values (Julia, 47, CR, 110455955);
insert into aluno (nome, idade, id_cursoa) values (Isabela, 34, FQ, 100219551);
insert into aluno (nome, idade, id_cursoa) values (Ana, 60, EM, 193645159);
insert into aluno (nome, idade, id_cursoa) values (Laura, 37, ER, 175469745);
insert into aluno (nome, idade, id_cursoa) values (Gabriel, 34, EQ, 173297464);
insert into aluno (nome, idade, id_cursoa) values (Ana, 51, EE, 129330845);
insert into aluno (nome, idade, id_cursoa) values (Vanessa, 59, MG, 176125326);
insert into aluno (nome, idade, id_cursoa) values (Pedro, 27, EE, 173439295);
insert into aluno (nome, idade, id_cursoa) values (Carlos, 60, MP, 165382980);
insert into aluno (nome, idade, id_cursoa) values (Sofia, 58, ER, 159682824);
insert into aluno (nome, idade, id_cursoa) values (Alexandre, 31, EQ, 139441754);
insert into aluno (nome, idade, id_cursoa) values (Luísa, 59, ML, 112991615);
insert into aluno (nome, idade, id_cursoa) values (Jesus, 30, CP, 102380573);
insert into aluno (nome, idade, id_cursoa) values (Vanessa, 57, FQ, 179304307);
insert into aluno (nome, idade, id_cursoa) values (Rafael, 57, FG, 168070495);
insert into aluno (nome, idade, id_cursoa) values (Pedro, 59, MP, 178307554);
insert into aluno (nome, idade, id_cursoa) values (Jessica, 31, CS, 154295821);
insert into aluno (nome, idade, id_cursoa) values (Amanda, 24, EQ, 194617371);
insert into aluno (nome, idade, id_cursoa) values (Patrícia, 57, FG, 130290281);
insert into aluno (nome, idade, id_cursoa) values (Daniel, 47, CP, 115794855);
insert into aluno (nome, idade, id_cursoa) values (Maria, 29, CS, 176637567);
insert into aluno (nome, idade, id_cursoa) values (Gabriel, 24, EQ, 198727047);
insert into aluno (nome, idade, id_cursoa) values (Larissa, 35, MC, 198813520);
insert into aluno (nome, idade, id_cursoa) values (Vanessa, 52, FA, 156902923);
insert into aluno (nome, idade, id_cursoa) values (Luísa, 44, CP, 198219611);
insert into aluno (nome, idade, id_cursoa) values (Vanessa, 51, EQ, 118970047);
insert into aluno (nome, idade, id_cursoa) values (Murilo, 39, ME, 131867270);
insert into aluno (nome, idade, id_cursoa) values (Leonardo, 26, CC, 162389929);
insert into aluno (nome, idade, id_cursoa) values (Luciano, 35, CP, 104109377);
insert into aluno (nome, idade, id_cursoa) values (Isabela, 43, FG, 121179867);
insert into aluno (nome, idade, id_cursoa) values (Julia, 26, ML, 115915345);
insert into aluno (nome, idade, id_cursoa) values (Murilo, 19, FQ, 119490455);
insert into aluno (nome, idade, id_cursoa) values (Tatiane, 47, CC, 193434758);
insert into aluno (nome, idade, id_cursoa) values (Manuela, 27, MC, 171949520);
insert into aluno (nome, idade, id_cursoa) values (Laura, 47, CR, 118716569);
insert into aluno (nome, idade, id_cursoa) values (Ana, 54, ML, 150201778);
insert into aluno (nome, idade, id_cursoa) values (Cristiano, 24, FQ, 148468386);
insert into aluno (nome, idade, id_cursoa) values (Isabela, 20, CS, 108543170);
insert into aluno (nome, idade, id_cursoa) values (Manuela, 27, CS, 167936416);
insert into aluno (nome, idade, id_cursoa) values (Borges, 60, CP, 151234039);
insert into aluno (nome, idade, id_cursoa) values (Julia, 19, EE, 177734231);
insert into aluno (nome, idade, id_cursoa) values (Fernando, 35, EE, 179766945);
