/*Insert pro departamento*/
INSERT INTO departamento (nome, chefe) VALUES ('Engenharia','Jessica');
INSERT INTO departamento (nome, chefe) VALUES ('Computacao','Fernando');
INSERT INTO departamento (nome, chefe) VALUES ('Fisica','Alan');
INSERT INTO departamento (nome, chefe) VALUES ('Matematica','Alan');

/*Insert pro curso*/
INSERT INTO curso (nome, id_curso, id_deptoc) VALUES ('Eletrica','EE','Engenharia');
INSERT INTO curso (nome, id_curso, id_deptoc) VALUES ('Quimica','EQ','Engenharia');
INSERT INTO curso (nome, id_curso, id_deptoc) VALUES ('Mecanica','EM','Engenharia');
INSERT INTO curso (nome, id_curso, id_deptoc) VALUES ('Robotica','ER','Engenharia');
INSERT INTO curso (nome, id_curso, id_deptoc) VALUES ('Programação','CP','Computacao');
INSERT INTO curso (nome, id_curso, id_deptoc) VALUES ('Sistemas','CS','Computacao');
INSERT INTO curso (nome, id_curso, id_deptoc) VALUES ('Redes','CR','Computacao');
INSERT INTO curso (nome, id_curso, id_deptoc) VALUES ('Ciencia da Computacao','CC','Computacao');
INSERT INTO curso (nome, id_curso, id_deptoc) VALUES ('Quantica','FQ','Fisica');
INSERT INTO curso (nome, id_curso, id_deptoc) VALUES ('Geral','FG','Fisica');
INSERT INTO curso (nome, id_curso, id_deptoc) VALUES ('Aplicada','FA','Fisica');
INSERT INTO curso (nome, id_curso, id_deptoc) VALUES ('Calculos','MC','Matematica');
INSERT INTO curso (nome, id_curso, id_deptoc) VALUES ('Estatistica','ME','Matematica');
INSERT INTO curso (nome, id_curso, id_deptoc) VALUES ('Probabilidade','MP','Matematica');
INSERT INTO curso (nome, id_curso, id_deptoc) VALUES ('Algebra','MA','Matematica');
INSERT INTO curso (nome, id_curso, id_deptoc) VALUES ('Geometria','MG','Matematica');

/*Insert pro disciplina*/
INSERT INTO disciplina (nome, id_cursot, codigo) VALUES ('Calculo','EE','EE384');
INSERT INTO disciplina (nome, id_cursot, codigo) VALUES ('Componentes Eletricos','EE','EE769');
INSERT INTO disciplina (nome, id_cursot, codigo) VALUES ('Circuitos','EE','EE930');
INSERT INTO disciplina (nome, id_cursot, codigo) VALUES ('Eletrica','EE','EE264');
INSERT INTO disciplina (nome, id_cursot, codigo) VALUES ('Calculo','EQ','EQ135');
INSERT INTO disciplina (nome, id_cursot, codigo) VALUES ('Organica','EQ','EQ633');
INSERT INTO disciplina (nome, id_cursot, codigo) VALUES ('Tabela Periodica','EQ','EQ601');
INSERT INTO disciplina (nome, id_cursot, codigo) VALUES ('Solucoes','EQ','EQ435');
INSERT INTO disciplina (nome, id_cursot, codigo) VALUES ('Reacoes','EQ','EQ177');
INSERT INTO disciplina (nome, id_cursot, codigo) VALUES ('Calculo','EM','EM355');
INSERT INTO disciplina (nome, id_cursot, codigo) VALUES ('Durabilidade de Materiais','EM','EM863');
INSERT INTO disciplina (nome, id_cursot, codigo) VALUES ('Eletrica','EM','EM469');
INSERT INTO disciplina (nome, id_cursot, codigo) VALUES ('Calculo','ER','ER145');
INSERT INTO disciplina (nome, id_cursot, codigo) VALUES ('Durabilidade de Materiais','ER','ER530');
INSERT INTO disciplina (nome, id_cursot, codigo) VALUES ('Energia','ER','ER980');
INSERT INTO disciplina (nome, id_cursot, codigo) VALUES ('Etica Robotica','ER','ER242');
INSERT INTO disciplina (nome, id_cursot, codigo) VALUES ('Calculo','CP','CP717');
INSERT INTO disciplina (nome, id_cursot, codigo) VALUES ('Teoria dos grafos','CP','CP463');
INSERT INTO disciplina (nome, id_cursot, codigo) VALUES ('Automatos','CP','CP490');
INSERT INTO disciplina (nome, id_cursot, codigo) VALUES ('Complexidade de Algoritmos','CP','CP531');
INSERT INTO disciplina (nome, id_cursot, codigo) VALUES ('Calculo','CS','CS390');
INSERT INTO disciplina (nome, id_cursot, codigo) VALUES ('Engenharia de software','CS','CS946');
INSERT INTO disciplina (nome, id_cursot, codigo) VALUES ('Front-end','CS','CS791');
INSERT INTO disciplina (nome, id_cursot, codigo) VALUES ('Fundamentos da rede','CR','CR368');
INSERT INTO disciplina (nome, id_cursot, codigo) VALUES ('Top. Avancados de rede','CR','CR567');
INSERT INTO disciplina (nome, id_cursot, codigo) VALUES (' Banco de dados','CR','CR278');
INSERT INTO disciplina (nome, id_cursot, codigo) VALUES ('Calculo','CC','CC802');
INSERT INTO disciplina (nome, id_cursot, codigo) VALUES ('Arquitetura de Computadores','CC','CC410');
INSERT INTO disciplina (nome, id_cursot, codigo) VALUES ('Algebra Linear','CC','CC777');
INSERT INTO disciplina (nome, id_cursot, codigo) VALUES ('Calculo','FQ','FQ471');
INSERT INTO disciplina (nome, id_cursot, codigo) VALUES ('Fisica','FQ','FQ236');
INSERT INTO disciplina (nome, id_cursot, codigo) VALUES ('Mecanica','FQ','FQ567');
INSERT INTO disciplina (nome, id_cursot, codigo) VALUES ('Cinetica','FQ','FQ886');
INSERT INTO disciplina (nome, id_cursot, codigo) VALUES ('Computacao Quantica','FQ','FQ980');
INSERT INTO disciplina (nome, id_cursot, codigo) VALUES ('Calculo','FG','FG345');
INSERT INTO disciplina (nome, id_cursot, codigo) VALUES ('Fisica','FG','FG550');
INSERT INTO disciplina (nome, id_cursot, codigo) VALUES ('Fluidos','FG','FG728');
INSERT INTO disciplina (nome, id_cursot, codigo) VALUES ('Termodinamica','FG','FG484');
INSERT INTO disciplina (nome, id_cursot, codigo) VALUES ('Calculo','FA','FA145');
INSERT INTO disciplina (nome, id_cursot, codigo) VALUES ('Fisica','FA','FA696');
INSERT INTO disciplina (nome, id_cursot, codigo) VALUES ('Astronomia','FA','FA104');
INSERT INTO disciplina (nome, id_cursot, codigo) VALUES ('Estatistica','FA','FA341');
INSERT INTO disciplina (nome, id_cursot, codigo) VALUES ('Leis de Newton Aplicado','FA','FA237');
INSERT INTO disciplina (nome, id_cursot, codigo) VALUES ('Calculo','MC','MC299');
INSERT INTO disciplina (nome, id_cursot, codigo) VALUES ('Probabilidade','MC','MC410');
INSERT INTO disciplina (nome, id_cursot, codigo) VALUES ('Calculo 2','MC','MC649');
INSERT INTO disciplina (nome, id_cursot, codigo) VALUES ('Matematica Aplicada','MC','MC474');
INSERT INTO disciplina (nome, id_cursot, codigo) VALUES ('Calculo','ME','ME890');
INSERT INTO disciplina (nome, id_cursot, codigo) VALUES ('Probabilidade','ME','ME345');
INSERT INTO disciplina (nome, id_cursot, codigo) VALUES ('Estatistica','ME','ME421');
INSERT INTO disciplina (nome, id_cursot, codigo) VALUES ('Calculo','MP','MP782');
INSERT INTO disciplina (nome, id_cursot, codigo) VALUES ('Integral','MP','MP662');
INSERT INTO disciplina (nome, id_cursot, codigo) VALUES ('Pesquisa operacional','MP','MP561');
INSERT INTO disciplina (nome, id_cursot, codigo) VALUES ('Derivada','MP','MP546');
INSERT INTO disciplina (nome, id_cursot, codigo) VALUES ('Calculo','MG','MG581');
INSERT INTO disciplina (nome, id_cursot, codigo) VALUES ('Geometria Analitica','MG','MG166');
INSERT INTO disciplina (nome, id_cursot, codigo) VALUES ('Geometria basica','MG','MG768');
INSERT INTO disciplina (nome, id_cursot, codigo) VALUES ('Geometria computacional','MG','MG698');
INSERT INTO disciplina (nome, id_cursot, codigo) VALUES ('Algebra Linear','MA','MA432');
INSERT INTO disciplina (nome, id_cursot, codigo) VALUES ('Calculo','MA','MA964');
INSERT INTO disciplina (nome, id_cursot, codigo) VALUES ('Integral','MA','MA613');
INSERT INTO disciplina (nome, id_cursot, codigo) VALUES ('Graficos','MA','MA260');

/*Insert pro tcc*/
INSERT INTO tcc (tcc_grupo) VALUES ('141216008');
INSERT INTO tcc (tcc_grupo) VALUES ('166525612');
INSERT INTO tcc (tcc_grupo) VALUES ('143105128');
INSERT INTO tcc (tcc_grupo) VALUES ('116067083');
INSERT INTO tcc (tcc_grupo) VALUES ('115372079');
INSERT INTO tcc (tcc_grupo) VALUES ('177764104');
INSERT INTO tcc (tcc_grupo) VALUES ('151532692');
INSERT INTO tcc (tcc_grupo) VALUES ('220898912');
INSERT INTO tcc (tcc_grupo) VALUES ('192537948');
INSERT INTO tcc (tcc_grupo) VALUES ('199411738');
INSERT INTO tcc (tcc_grupo) VALUES ('120779454');
INSERT INTO tcc (tcc_grupo) VALUES ('182714085');
INSERT INTO tcc (tcc_grupo) VALUES ('121975978');
INSERT INTO tcc (tcc_grupo) VALUES ('131201912');
INSERT INTO tcc (tcc_grupo) VALUES ('162706937');
INSERT INTO tcc (tcc_grupo) VALUES ('187244167');
INSERT INTO tcc (tcc_grupo) VALUES ('161332004');
INSERT INTO tcc (tcc_grupo) VALUES ('191816841');
INSERT INTO tcc (tcc_grupo) VALUES ('131198358');
INSERT INTO tcc (tcc_grupo) VALUES ('126266399');
INSERT INTO tcc (tcc_grupo) VALUES ('215198663');
INSERT INTO tcc (tcc_grupo) VALUES ('214879953');
INSERT INTO tcc (tcc_grupo) VALUES ('124077326');
INSERT INTO tcc (tcc_grupo) VALUES ('170375059');
INSERT INTO tcc (tcc_grupo) VALUES ('133440074');
INSERT INTO tcc (tcc_grupo) VALUES ('219485182');
INSERT INTO tcc (tcc_grupo) VALUES ('136736779');

/*Insert pro aluno*/
INSERT INTO aluno (nome, idade, id_cursoa,ra, tcc_a) VALUES ('Ana',40,'ME','158147347','131201912');
INSERT INTO aluno (nome, idade, id_cursoa,ra, tcc_a) VALUES ('Pedro',35,'CP','119262017','126266399');
INSERT INTO aluno (nome, idade, id_cursoa,ra, tcc_a) VALUES ('Maria',35,'CS','161167697','199411738');
INSERT INTO aluno (nome, idade, id_cursoa,ra, tcc_a) VALUES ('João',29,'FG','164442412','133440074');
INSERT INTO aluno (nome, idade, id_cursoa,ra, tcc_a) VALUES ('Luísa',45,'EM','130019898','141216008');
INSERT INTO aluno (nome, idade, id_cursoa,ra, tcc_a) VALUES ('Rafael',38,'FG','132564265','143105128');
INSERT INTO aluno (nome, idade, id_cursoa,ra, tcc_a) VALUES ('Sofia',43,'MA','178228664','177764104');
INSERT INTO aluno (nome, idade, id_cursoa,ra, tcc_a) VALUES ('Carlos',33,'FA','198827311','161332004');
INSERT INTO aluno (nome, idade, id_cursoa,ra, tcc_a) VALUES ('Camila',48,'EQ','180813147','187244167');
INSERT INTO aluno (nome, idade, id_cursoa,ra, tcc_a) VALUES ('André',49,'ME','190502273','162706937');
INSERT INTO aluno (nome, idade, id_cursoa,ra, tcc_a) VALUES ('Mariana',44,'FA','172651048','131198358');
INSERT INTO aluno (nome, idade, id_cursoa,ra, tcc_a) VALUES ('Lucas',42,'CC','165752695','124077326');
INSERT INTO aluno (nome, idade, id_cursoa,ra, tcc_a) VALUES ('Juliana',24,'EE','155723669','136736779');
INSERT INTO aluno (nome, idade, id_cursoa,ra, tcc_a) VALUES ('Fernando',46,'EM','171862648','143105128');
INSERT INTO aluno (nome, idade, id_cursoa,ra, tcc_a) VALUES ('Laura',23,'MA','120402711','116067083');
INSERT INTO aluno (nome, idade, id_cursoa,ra, tcc_a) VALUES ('Diego',26,'MP','161557656','131201912');
INSERT INTO aluno (nome, idade, id_cursoa,ra, tcc_a) VALUES ('Carolina',34,'MP','193666572','162706937');
INSERT INTO aluno (nome, idade, id_cursoa,ra, tcc_a) VALUES ('Gabriel',59,'CS','169748107','161332004');
INSERT INTO aluno (nome, idade, id_cursoa,ra, tcc_a) VALUES ('Beatriz',38,'CC','183095806','166525612');
INSERT INTO aluno (nome, idade, id_cursoa,ra, tcc_a) VALUES ('Tiago',19,'ME','115619707','199411738');
INSERT INTO aluno (nome, idade, id_cursoa,ra, tcc_a) VALUES ('Isabela',36,'EM','111951632','166525612');
INSERT INTO aluno (nome, idade, id_cursoa,ra, tcc_a) VALUES ('Mateus',28,'CR','189926054','187244167');
INSERT INTO aluno (nome, idade, id_cursoa,ra, tcc_a) VALUES ('Natália',56,'CR','153777009','219485182');
INSERT INTO aluno (nome, idade, id_cursoa,ra, tcc_a) VALUES ('Gustavo',29,'CC','110703283','131198358');
INSERT INTO aluno (nome, idade, id_cursoa,ra, tcc_a) VALUES ('Vanessa',31,'FG','112885026','214879953');
INSERT INTO aluno (nome, idade, id_cursoa,ra, tcc_a) VALUES ('Vinícius',51,'MG','196968884','131201912');
INSERT INTO aluno (nome, idade, id_cursoa,ra, tcc_a) VALUES ('Patrícia',31,'FQ','135687128','126266399');
INSERT INTO aluno (nome, idade, id_cursoa,ra, tcc_a) VALUES ('Eduardo',58,'CC','184171815','141216008');
INSERT INTO aluno (nome, idade, id_cursoa,ra, tcc_a) VALUES ('Larissa',57,'CP','154823003','121975978');
INSERT INTO aluno (nome, idade, id_cursoa,ra, tcc_a) VALUES ('Rodrigo',45,'EM','111948368','136736779');
INSERT INTO aluno (nome, idade, id_cursoa,ra, tcc_a) VALUES ('Amanda',34,'ME','148348196','162706937');
INSERT INTO aluno (nome, idade, id_cursoa,ra, tcc_a) VALUES ('Felipe',58,'FA','137914441','162706937');
INSERT INTO aluno (nome, idade, id_cursoa,ra, tcc_a) VALUES ('Manuela',49,'MA','168119471','192537948');
INSERT INTO aluno (nome, idade, id_cursoa,ra, tcc_a) VALUES ('Thiago',58,'FG','145838826','182714085');
INSERT INTO aluno (nome, idade, id_cursoa,ra, tcc_a) VALUES ('Mariane',46,'MC','164022942','131198358');
INSERT INTO aluno (nome, idade, id_cursoa,ra, tcc_a) VALUES ('Marcelo',52,'ME','196616321','182714085');
INSERT INTO aluno (nome, idade, id_cursoa,ra, tcc_a) VALUES ('Jessica',56,'EM','155800243','170375059');
INSERT INTO aluno (nome, idade, id_cursoa,ra, tcc_a) VALUES ('Fábio',19,'FQ','179426357','120779454');
INSERT INTO aluno (nome, idade, id_cursoa,ra, tcc_a) VALUES ('Renata',43,'FA','181913923','182714085');
INSERT INTO aluno (nome, idade, id_cursoa,ra, tcc_a) VALUES ('Daniel',29,'FQ','132325988','177764104');
INSERT INTO aluno (nome, idade, id_cursoa,ra, tcc_a) VALUES ('Bruna',53,'ER','107156350','220898912');
INSERT INTO aluno (nome, idade, id_cursoa,ra, tcc_a) VALUES ('Luciano',30,'MG','176440950','131198358');
INSERT INTO aluno (nome, idade, id_cursoa,ra, tcc_a) VALUES ('Tatiane',19,'FA','152677645','151532692');
INSERT INTO aluno (nome, idade, id_cursoa,ra, tcc_a) VALUES ('Cristiano',30,'FQ','170171620','219485182');
INSERT INTO aluno (nome, idade, id_cursoa,ra, tcc_a) VALUES ('Carla',60,'EE','192916622','131198358');
INSERT INTO aluno (nome, idade, id_cursoa,ra, tcc_a) VALUES ('Leonardo',54,'FA','149119184','121975978');
INSERT INTO aluno (nome, idade, id_cursoa,ra, tcc_a) VALUES ('Julia',58,'CP','123008966','133440074');
INSERT INTO aluno (nome, idade, id_cursoa,ra, tcc_a) VALUES ('Alexandre',56,'EM','146359177','177764104');
INSERT INTO aluno (nome, idade, id_cursoa,ra, tcc_a) VALUES ('Raquel',23,'FQ','153340093','162706937');
INSERT INTO aluno (nome, idade, id_cursoa,ra, tcc_a) VALUES ('Murilo',27,'MG','159692533','124077326');
INSERT INTO aluno (nome, idade, id_cursoa,ra, tcc_a) VALUES ('Borges',46,'CR','196980231','162706937');
INSERT INTO aluno (nome, idade, id_cursoa,ra, tcc_a) VALUES ('Jesus',45,'MA','146083364','191816841');
INSERT INTO aluno (nome, idade, id_cursoa,ra, tcc_a) VALUES ('Alan',30,'CP','113023455','131201912');

/*Insert pro professor*/
INSERT INTO professor (nome, idade, id_deptop,id_disciplinap,ra) VALUES ('Ana',41,'Computacao','FG728','185906565');
INSERT INTO professor (nome, idade, id_deptop,id_disciplinap,ra) VALUES ('Pedro',57,'Matematica','MA260','148343999');
INSERT INTO professor (nome, idade, id_deptop,id_disciplinap,ra) VALUES ('Maria',33,'Engenharia','EM863','181256089');
INSERT INTO professor (nome, idade, id_deptop,id_disciplinap,ra) VALUES ('João',49,'Engenharia','FG484','129973340');
INSERT INTO professor (nome, idade, id_deptop,id_disciplinap,ra) VALUES ('Luísa',41,'Fisica','MP546','113373797');
INSERT INTO professor (nome, idade, id_deptop,id_disciplinap,ra) VALUES ('Rafael',41,'Engenharia','CR278','140618963');
INSERT INTO professor (nome, idade, id_deptop,id_disciplinap,ra) VALUES ('Sofia',68,'Engenharia','CS791','157548391');
INSERT INTO professor (nome, idade, id_deptop,id_disciplinap,ra) VALUES ('Carlos',42,'Computacao','EM863','165990243');
INSERT INTO professor (nome, idade, id_deptop,id_disciplinap,ra) VALUES ('Camila',55,'Fisica','MG768','162844322');
INSERT INTO professor (nome, idade, id_deptop,id_disciplinap,ra) VALUES ('André',32,'Computacao','FG484','123233925');
INSERT INTO professor (nome, idade, id_deptop,id_disciplinap,ra) VALUES ('Mariana',56,'Matematica','EQ601','120553471');
INSERT INTO professor (nome, idade, id_deptop,id_disciplinap,ra) VALUES ('Lucas',55,'Computacao','EQ601','115888509');
INSERT INTO professor (nome, idade, id_deptop,id_disciplinap,ra) VALUES ('Juliana',57,'Fisica','MC474','196864061');
INSERT INTO professor (nome, idade, id_deptop,id_disciplinap,ra) VALUES ('Fernando',48,'Engenharia','CS791','171616750');
INSERT INTO professor (nome, idade, id_deptop,id_disciplinap,ra) VALUES ('Laura',63,'Matematica','FA145','183180408');
INSERT INTO professor (nome, idade, id_deptop,id_disciplinap,ra) VALUES ('Diego',45,'Fisica','EE384','171474547');
INSERT INTO professor (nome, idade, id_deptop,id_disciplinap,ra) VALUES ('Carolina',40,'Matematica','MC410','190874425');
INSERT INTO professor (nome, idade, id_deptop,id_disciplinap,ra) VALUES ('Gabriel',44,'Matematica','EQ601','113005021');
INSERT INTO professor (nome, idade, id_deptop,id_disciplinap,ra) VALUES ('Beatriz',66,'Computacao','CP490','153570415');
INSERT INTO professor (nome, idade, id_deptop,id_disciplinap,ra) VALUES ('Tiago',52,'Computacao','FA696','109362752');
INSERT INTO professor (nome, idade, id_deptop,id_disciplinap,ra) VALUES ('Isabela',65,'Engenharia','EQ135','171302511');
INSERT INTO professor (nome, idade, id_deptop,id_disciplinap,ra) VALUES ('Mateus',55,'Engenharia','FA341','104196584');
INSERT INTO professor (nome, idade, id_deptop,id_disciplinap,ra) VALUES ('Natália',57,'Computacao','MC474','145432392');
INSERT INTO professor (nome, idade, id_deptop,id_disciplinap,ra) VALUES ('Gustavo',33,'Fisica','FA104','148107035');
INSERT INTO professor (nome, idade, id_deptop,id_disciplinap,ra) VALUES ('Vanessa',60,'Engenharia','ER530','122963893');
INSERT INTO professor (nome, idade, id_deptop,id_disciplinap,ra) VALUES ('Vinícius',38,'Computacao','ER242','138815977');
INSERT INTO professor (nome, idade, id_deptop,id_disciplinap,ra) VALUES ('Patrícia',45,'Matematica','MG166','151852200');
INSERT INTO professor (nome, idade, id_deptop,id_disciplinap,ra) VALUES ('Eduardo',65,'Computacao','EE384','104173608');
INSERT INTO professor (nome, idade, id_deptop,id_disciplinap,ra) VALUES ('Larissa',37,'Engenharia','MC299','103713748');
INSERT INTO professor (nome, idade, id_deptop,id_disciplinap,ra) VALUES ('Rodrigo',41,'Matematica','EQ135','116728693');
INSERT INTO professor (nome, idade, id_deptop,id_disciplinap,ra) VALUES ('Amanda',30,'Matematica','ME890','188860156');
INSERT INTO professor (nome, idade, id_deptop,id_disciplinap,ra) VALUES ('Felipe',41,'Matematica','MG698','183769902');
INSERT INTO professor (nome, idade, id_deptop,id_disciplinap,ra) VALUES ('Manuela',33,'Computacao','EE264','174046778');
INSERT INTO professor (nome, idade, id_deptop,id_disciplinap,ra) VALUES ('Thiago',54,'Matematica','FQ471','177601913');
INSERT INTO professor (nome, idade, id_deptop,id_disciplinap,ra) VALUES ('Mariane',51,'Engenharia','CR278','124930457');
INSERT INTO professor (nome, idade, id_deptop,id_disciplinap,ra) VALUES ('Marcelo',70,'Matematica','MA613','161717797');
INSERT INTO professor (nome, idade, id_deptop,id_disciplinap,ra) VALUES ('Jessica',53,'Engenharia','EQ177','189384198');
INSERT INTO professor (nome, idade, id_deptop,id_disciplinap,ra) VALUES ('Fábio',46,'Computacao','EQ633','133982255');
INSERT INTO professor (nome, idade, id_deptop,id_disciplinap,ra) VALUES ('Renata',59,'Computacao','CP463','101785562');
INSERT INTO professor (nome, idade, id_deptop,id_disciplinap,ra) VALUES ('Daniel',35,'Fisica','EM355','170450755');
INSERT INTO professor (nome, idade, id_deptop,id_disciplinap,ra) VALUES ('Bruna',36,'Engenharia','CP490','172084734');
INSERT INTO professor (nome, idade, id_deptop,id_disciplinap,ra) VALUES ('Luciano',69,'Engenharia','FG728','144914373');
INSERT INTO professor (nome, idade, id_deptop,id_disciplinap,ra) VALUES ('Tatiane',46,'Matematica','MG768','185256055');
INSERT INTO professor (nome, idade, id_deptop,id_disciplinap,ra) VALUES ('Cristiano',62,'Engenharia','FA104','119587151');
INSERT INTO professor (nome, idade, id_deptop,id_disciplinap,ra) VALUES ('Carla',33,'Engenharia','FA341','181714218');
INSERT INTO professor (nome, idade, id_deptop,id_disciplinap,ra) VALUES ('Leonardo',43,'Engenharia','ER530','171883795');
INSERT INTO professor (nome, idade, id_deptop,id_disciplinap,ra) VALUES ('Julia',39,'Matematica','EM355','141043691');
INSERT INTO professor (nome, idade, id_deptop,id_disciplinap,ra) VALUES ('Alexandre',31,'Engenharia','FQ236','150213798');
INSERT INTO professor (nome, idade, id_deptop,id_disciplinap,ra) VALUES ('Raquel',49,'Matematica','EM469','162298986');
INSERT INTO professor (nome, idade, id_deptop,id_disciplinap,ra) VALUES ('Murilo',70,'Engenharia','CR278','118890515');
INSERT INTO professor (nome, idade, id_deptop,id_disciplinap,ra) VALUES ('Borges',68,'Matematica','FA237','120670477');
INSERT INTO professor (nome, idade, id_deptop,id_disciplinap,ra) VALUES ('Jesus',41,'Matematica','EM355','145458625');
INSERT INTO professor (nome, idade, id_deptop,id_disciplinap,ra) VALUES ('Alan',32,'Matematica','EM863','165736307');

/*Insert pro orientador*/
INSERT INTO orientador (id_grupoo, id_professor) VALUES ('141216008', '188860156');
INSERT INTO orientador (id_grupoo, id_professor) VALUES ('166525612', '181714218');
INSERT INTO orientador (id_grupoo, id_professor) VALUES ('143105128', '113005021');
INSERT INTO orientador (id_grupoo, id_professor) VALUES ('116067083', '171616750');
INSERT INTO orientador (id_grupoo, id_professor) VALUES ('115372079', '183769902');
INSERT INTO orientador (id_grupoo, id_professor) VALUES ('177764104', '177601913');
INSERT INTO orientador (id_grupoo, id_professor) VALUES ('151532692', '145432392');
INSERT INTO orientador (id_grupoo, id_professor) VALUES ('220898912', '144914373');
INSERT INTO orientador (id_grupoo, id_professor) VALUES ('192537948', '189384198');
INSERT INTO orientador (id_grupoo, id_professor) VALUES ('199411738', '118890515');
INSERT INTO orientador (id_grupoo, id_professor) VALUES ('120779454', '161717797');
INSERT INTO orientador (id_grupoo, id_professor) VALUES ('182714085', '122963893');
INSERT INTO orientador (id_grupoo, id_professor) VALUES ('121975978', '123233925');
INSERT INTO orientador (id_grupoo, id_professor) VALUES ('131201912', '144914373');
INSERT INTO orientador (id_grupoo, id_professor) VALUES ('162706937', '171302511');
INSERT INTO orientador (id_grupoo, id_professor) VALUES ('187244167', '150213798');
INSERT INTO orientador (id_grupoo, id_professor) VALUES ('161332004', '171302511');
INSERT INTO orientador (id_grupoo, id_professor) VALUES ('191816841', '162844322');
INSERT INTO orientador (id_grupoo, id_professor) VALUES ('131198358', '129973340');
INSERT INTO orientador (id_grupoo, id_professor) VALUES ('126266399', '116728693');
INSERT INTO orientador (id_grupoo, id_professor) VALUES ('215198663', '129973340');
INSERT INTO orientador (id_grupoo, id_professor) VALUES ('214879953', '119587151');
INSERT INTO orientador (id_grupoo, id_professor) VALUES ('124077326', '104196584');
INSERT INTO orientador (id_grupoo, id_professor) VALUES ('170375059', '177601913');
INSERT INTO orientador (id_grupoo, id_professor) VALUES ('133440074', '177601913');
INSERT INTO orientador (id_grupoo, id_professor) VALUES ('219485182', '129973340');
INSERT INTO orientador (id_grupoo, id_professor) VALUES ('136736779', '122963893');

/*Insert pro historico*/
INSERT INTO historico (id_alunoh, nota, ano ,semestre ,id_disciplinah) VALUES ('158147347',6.98,'2019','Primeiro','MA432');
INSERT INTO historico (id_alunoh, nota, ano ,semestre ,id_disciplinah) VALUES ('119262017',9.31,'2004','Segundo','EE384');
INSERT INTO historico (id_alunoh, nota, ano ,semestre ,id_disciplinah) VALUES ('161167697',5.66,'2007','Primeiro','MP546');
INSERT INTO historico (id_alunoh, nota, ano ,semestre ,id_disciplinah) VALUES ('164442412',3.66,'2003','Segundo','MA260');
INSERT INTO historico (id_alunoh, nota, ano ,semestre ,id_disciplinah) VALUES ('130019898',7.49,'2013','Segundo','EM469');
INSERT INTO historico (id_alunoh, nota, ano ,semestre ,id_disciplinah) VALUES ('132564265',9.51,'2017','Primeiro','MC299');
INSERT INTO historico (id_alunoh, nota, ano ,semestre ,id_disciplinah) VALUES ('178228664',3.82,'2023','Segundo','MP546');
INSERT INTO historico (id_alunoh, nota, ano ,semestre ,id_disciplinah) VALUES ('198827311',9.6,'2021','Primeiro','MP782');
INSERT INTO historico (id_alunoh, nota, ano ,semestre ,id_disciplinah) VALUES ('180813147',6.06,'2017','Primeiro','MG581');
INSERT INTO historico (id_alunoh, nota, ano ,semestre ,id_disciplinah) VALUES ('190502273',0.89,'2002','Primeiro','FQ471');
INSERT INTO historico (id_alunoh, nota, ano ,semestre ,id_disciplinah) VALUES ('172651048',6.64,'2000','Segundo','EM469');
INSERT INTO historico (id_alunoh, nota, ano ,semestre ,id_disciplinah) VALUES ('165752695',3.34,'2012','Segundo','ER242');
INSERT INTO historico (id_alunoh, nota, ano ,semestre ,id_disciplinah) VALUES ('155723669',4.17,'2004','Segundo','FQ567');
INSERT INTO historico (id_alunoh, nota, ano ,semestre ,id_disciplinah) VALUES ('171862648',2.93,'2000','Primeiro','MC299');
INSERT INTO historico (id_alunoh, nota, ano ,semestre ,id_disciplinah) VALUES ('120402711',1.7,'2013','Primeiro','FQ471');
INSERT INTO historico (id_alunoh, nota, ano ,semestre ,id_disciplinah) VALUES ('161557656',1.21,'2013','Primeiro','EQ633');
INSERT INTO historico (id_alunoh, nota, ano ,semestre ,id_disciplinah) VALUES ('193666572',3.79,'2025','Primeiro','MP561');
INSERT INTO historico (id_alunoh, nota, ano ,semestre ,id_disciplinah) VALUES ('169748107',4.83,'2000','Primeiro','FG728');
INSERT INTO historico (id_alunoh, nota, ano ,semestre ,id_disciplinah) VALUES ('183095806',4.07,'2013','Segundo','ME345');
INSERT INTO historico (id_alunoh, nota, ano ,semestre ,id_disciplinah) VALUES ('115619707',0.23,'2007','Segundo','MG698');
INSERT INTO historico (id_alunoh, nota, ano ,semestre ,id_disciplinah) VALUES ('111951632',4.2,'2020','Primeiro','MC410');
INSERT INTO historico (id_alunoh, nota, ano ,semestre ,id_disciplinah) VALUES ('189926054',4.72,'2014','Segundo','ER980');
INSERT INTO historico (id_alunoh, nota, ano ,semestre ,id_disciplinah) VALUES ('153777009',5.51,'2012','Segundo','ME890');
INSERT INTO historico (id_alunoh, nota, ano ,semestre ,id_disciplinah) VALUES ('110703283',5.44,'2019','Segundo','FQ886');
INSERT INTO historico (id_alunoh, nota, ano ,semestre ,id_disciplinah) VALUES ('112885026',2.23,'2009','Primeiro','ER242');
INSERT INTO historico (id_alunoh, nota, ano ,semestre ,id_disciplinah) VALUES ('196968884',5.65,'2016','Primeiro','FG345');
INSERT INTO historico (id_alunoh, nota, ano ,semestre ,id_disciplinah) VALUES ('135687128',9.92,'2001','Segundo','CC802');
INSERT INTO historico (id_alunoh, nota, ano ,semestre ,id_disciplinah) VALUES ('184171815',1.68,'2005','Segundo','EE769');
INSERT INTO historico (id_alunoh, nota, ano ,semestre ,id_disciplinah) VALUES ('154823003',0.17,'2001','Segundo','EE930');
INSERT INTO historico (id_alunoh, nota, ano ,semestre ,id_disciplinah) VALUES ('111948368',4.2,'2014','Segundo','EE769');
INSERT INTO historico (id_alunoh, nota, ano ,semestre ,id_disciplinah) VALUES ('148348196',2.56,'2008','Primeiro','EM355');
INSERT INTO historico (id_alunoh, nota, ano ,semestre ,id_disciplinah) VALUES ('137914441',5.15,'2020','Segundo','EQ435');
INSERT INTO historico (id_alunoh, nota, ano ,semestre ,id_disciplinah) VALUES ('168119471',3.2,'2024','Segundo','CS791');
INSERT INTO historico (id_alunoh, nota, ano ,semestre ,id_disciplinah) VALUES ('145838826',8.2,'2024','Segundo','FA145');
INSERT INTO historico (id_alunoh, nota, ano ,semestre ,id_disciplinah) VALUES ('164022942',6.66,'2001','Segundo','FQ236');
INSERT INTO historico (id_alunoh, nota, ano ,semestre ,id_disciplinah) VALUES ('196616321',3.57,'2015','Primeiro','FQ236');
INSERT INTO historico (id_alunoh, nota, ano ,semestre ,id_disciplinah) VALUES ('155800243',7.57,'2018','Segundo','FG550');
INSERT INTO historico (id_alunoh, nota, ano ,semestre ,id_disciplinah) VALUES ('179426357',5.86,'2006','Primeiro','MC474');
INSERT INTO historico (id_alunoh, nota, ano ,semestre ,id_disciplinah) VALUES ('181913923',7.97,'2024','Segundo','EM863');
INSERT INTO historico (id_alunoh, nota, ano ,semestre ,id_disciplinah) VALUES ('132325988',2.48,'2012','Primeiro','CR567');
INSERT INTO historico (id_alunoh, nota, ano ,semestre ,id_disciplinah) VALUES ('107156350',8.18,'2018','Primeiro','FQ567');
INSERT INTO historico (id_alunoh, nota, ano ,semestre ,id_disciplinah) VALUES ('176440950',0.83,'2017','Primeiro','FQ567');
INSERT INTO historico (id_alunoh, nota, ano ,semestre ,id_disciplinah) VALUES ('152677645',4.49,'2007','Primeiro','EM863');
INSERT INTO historico (id_alunoh, nota, ano ,semestre ,id_disciplinah) VALUES ('170171620',2.29,'2021','Segundo','MC410');
INSERT INTO historico (id_alunoh, nota, ano ,semestre ,id_disciplinah) VALUES ('192916622',7.03,'2006','Segundo','MC474');
INSERT INTO historico (id_alunoh, nota, ano ,semestre ,id_disciplinah) VALUES ('149119184',9.22,'2015','Primeiro','ME345');
INSERT INTO historico (id_alunoh, nota, ano ,semestre ,id_disciplinah) VALUES ('123008966',6.85,'2025','Primeiro','MC474');
INSERT INTO historico (id_alunoh, nota, ano ,semestre ,id_disciplinah) VALUES ('146359177',3.94,'2006','Primeiro','MC474');
INSERT INTO historico (id_alunoh, nota, ano ,semestre ,id_disciplinah) VALUES ('153340093',8.99,'2019','Segundo','MP782');
INSERT INTO historico (id_alunoh, nota, ano ,semestre ,id_disciplinah) VALUES ('159692533',9.19,'2010','Primeiro','MG768');
INSERT INTO historico (id_alunoh, nota, ano ,semestre ,id_disciplinah) VALUES ('196980231',3.75,'2025','Segundo','ER242');
INSERT INTO historico (id_alunoh, nota, ano ,semestre ,id_disciplinah) VALUES ('146083364',6.03,'2016','Primeiro','CC802');
INSERT INTO historico (id_alunoh, nota, ano ,semestre ,id_disciplinah) VALUES ('113023455',7.24,'2007','Segundo','EQ601');

/*Insert pro historicoprof*/
INSERT INTO historicoprof (id_professorhp, id_disciplinahp, semestre , ano) VALUES ('185906565','CP463','Segundo','2007');
INSERT INTO historicoprof (id_professorhp, id_disciplinahp, semestre , ano) VALUES ('148343999','CP490','Segundo','2024');
INSERT INTO historicoprof (id_professorhp, id_disciplinahp, semestre , ano) VALUES ('181256089','CS791','Primeiro','2004');
INSERT INTO historicoprof (id_professorhp, id_disciplinahp, semestre , ano) VALUES ('129973340','EQ135','Primeiro','2022');
INSERT INTO historicoprof (id_professorhp, id_disciplinahp, semestre , ano) VALUES ('113373797','ME421','Segundo','2024');
INSERT INTO historicoprof (id_professorhp, id_disciplinahp, semestre , ano) VALUES ('140618963','EQ435','Segundo','2020');
INSERT INTO historicoprof (id_professorhp, id_disciplinahp, semestre , ano) VALUES ('157548391','FA696','Primeiro','2019');
INSERT INTO historicoprof (id_professorhp, id_disciplinahp, semestre , ano) VALUES ('165990243','FA145','Primeiro','2005');
INSERT INTO historicoprof (id_professorhp, id_disciplinahp, semestre , ano) VALUES ('162844322','ER242','Segundo','2013');
INSERT INTO historicoprof (id_professorhp, id_disciplinahp, semestre , ano) VALUES ('123233925','EQ135','Primeiro','2014');
INSERT INTO historicoprof (id_professorhp, id_disciplinahp, semestre , ano) VALUES ('120553471','CS946','Segundo','2002');
INSERT INTO historicoprof (id_professorhp, id_disciplinahp, semestre , ano) VALUES ('115888509','EM355','Primeiro','2024');
INSERT INTO historicoprof (id_professorhp, id_disciplinahp, semestre , ano) VALUES ('196864061','MC410','Primeiro','2014');
INSERT INTO historicoprof (id_professorhp, id_disciplinahp, semestre , ano) VALUES ('171616750','EE264','Primeiro','2021');
INSERT INTO historicoprof (id_professorhp, id_disciplinahp, semestre , ano) VALUES ('183180408','MG768','Segundo','2014');
INSERT INTO historicoprof (id_professorhp, id_disciplinahp, semestre , ano) VALUES ('171474547','FG345','Segundo','2017');
INSERT INTO historicoprof (id_professorhp, id_disciplinahp, semestre , ano) VALUES ('190874425','FA145','Segundo','2023');
INSERT INTO historicoprof (id_professorhp, id_disciplinahp, semestre , ano) VALUES ('113005021','FG484','Primeiro','2009');
INSERT INTO historicoprof (id_professorhp, id_disciplinahp, semestre , ano) VALUES ('153570415','MC474','Segundo','2014');
INSERT INTO historicoprof (id_professorhp, id_disciplinahp, semestre , ano) VALUES ('109362752','EQ135','Segundo','2011');
INSERT INTO historicoprof (id_professorhp, id_disciplinahp, semestre , ano) VALUES ('171302511','MG768','Segundo','2022');
INSERT INTO historicoprof (id_professorhp, id_disciplinahp, semestre , ano) VALUES ('104196584','CS791','Primeiro','2020');
INSERT INTO historicoprof (id_professorhp, id_disciplinahp, semestre , ano) VALUES ('145432392','FA104','Segundo','2008');
INSERT INTO historicoprof (id_professorhp, id_disciplinahp, semestre , ano) VALUES ('148107035','FQ471','Segundo','2010');
INSERT INTO historicoprof (id_professorhp, id_disciplinahp, semestre , ano) VALUES ('122963893','EM863','Segundo','2012');
INSERT INTO historicoprof (id_professorhp, id_disciplinahp, semestre , ano) VALUES ('138815977','EM355','Primeiro','2003');
INSERT INTO historicoprof (id_professorhp, id_disciplinahp, semestre , ano) VALUES ('151852200','CC777','Segundo','2000');
INSERT INTO historicoprof (id_professorhp, id_disciplinahp, semestre , ano) VALUES ('104173608','MG768','Segundo','2013');
INSERT INTO historicoprof (id_professorhp, id_disciplinahp, semestre , ano) VALUES ('103713748','CS390','Primeiro','2005');
INSERT INTO historicoprof (id_professorhp, id_disciplinahp, semestre , ano) VALUES ('116728693','FA104','Primeiro','2021');
INSERT INTO historicoprof (id_professorhp, id_disciplinahp, semestre , ano) VALUES ('188860156','EE264','Primeiro','2001');
INSERT INTO historicoprof (id_professorhp, id_disciplinahp, semestre , ano) VALUES ('183769902','FG345','Primeiro','2018');
INSERT INTO historicoprof (id_professorhp, id_disciplinahp, semestre , ano) VALUES ('174046778','FG728','Segundo','2001');
INSERT INTO historicoprof (id_professorhp, id_disciplinahp, semestre , ano) VALUES ('177601913','MA432','Segundo','2011');
INSERT INTO historicoprof (id_professorhp, id_disciplinahp, semestre , ano) VALUES ('124930457','CR368','Segundo','2024');
INSERT INTO historicoprof (id_professorhp, id_disciplinahp, semestre , ano) VALUES ('161717797','EQ135','Primeiro','2008');
INSERT INTO historicoprof (id_professorhp, id_disciplinahp, semestre , ano) VALUES ('189384198','MP662','Segundo','2020');
INSERT INTO historicoprof (id_professorhp, id_disciplinahp, semestre , ano) VALUES ('133982255','FA341','Primeiro','2002');
INSERT INTO historicoprof (id_professorhp, id_disciplinahp, semestre , ano) VALUES ('101785562','FG728','Primeiro','2023');
INSERT INTO historicoprof (id_professorhp, id_disciplinahp, semestre , ano) VALUES ('170450755','MP782','Primeiro','2014');
INSERT INTO historicoprof (id_professorhp, id_disciplinahp, semestre , ano) VALUES ('172084734','FA696','Segundo','2018');
INSERT INTO historicoprof (id_professorhp, id_disciplinahp, semestre , ano) VALUES ('144914373','MC299','Segundo','2017');
INSERT INTO historicoprof (id_professorhp, id_disciplinahp, semestre , ano) VALUES ('185256055','MG581','Segundo','2001');
INSERT INTO historicoprof (id_professorhp, id_disciplinahp, semestre , ano) VALUES ('119587151','MC474','Segundo','2021');
INSERT INTO historicoprof (id_professorhp, id_disciplinahp, semestre , ano) VALUES ('181714218','FA145','Primeiro','2014');
INSERT INTO historicoprof (id_professorhp, id_disciplinahp, semestre , ano) VALUES ('171883795','CS946','Segundo','2011');
INSERT INTO historicoprof (id_professorhp, id_disciplinahp, semestre , ano) VALUES ('141043691','CP490','Segundo','2015');
INSERT INTO historicoprof (id_professorhp, id_disciplinahp, semestre , ano) VALUES ('150213798','CR368','Segundo','2000');
INSERT INTO historicoprof (id_professorhp, id_disciplinahp, semestre , ano) VALUES ('162298986','FG484','Segundo','2018');
INSERT INTO historicoprof (id_professorhp, id_disciplinahp, semestre , ano) VALUES ('118890515','MP561','Primeiro','2005');
INSERT INTO historicoprof (id_professorhp, id_disciplinahp, semestre , ano) VALUES ('120670477','CC410','Segundo','2012');
INSERT INTO historicoprof (id_professorhp, id_disciplinahp, semestre , ano) VALUES ('145458625','CP463','Primeiro','2021');
INSERT INTO historicoprof (id_professorhp, id_disciplinahp, semestre , ano) VALUES ('165736307','EQ435','Primeiro','2010');
